Abigala,Female
 Abia,Female
 Abria,Female
 Abressa,Female
 Adria,Female
 Adressa,Female
 Alessa,Female
 Alessana,Female
 Alia,Female
 Alya,Female
 Alina,Female
 Alinea,Female
 Alinia,Female
 Alisea,Female
 Alisia,Female
 Alissa,Female
 Lyssa,Female
 Alova,Female
 Elva,Female
 Amia,Female
 Amya,Female
 Amilia,Female
 Andrea,Female
 Ondrea,Female
 Aria,Female
 Ariana,Female
 Ariella,Female
 Aryella,Female
 Aslena,Female
 Azlena,Female
 Avelia,Female
 Avelina,Female
 Averra,Female
 Ferra,Female
 Avia,Female
 Azelia,Female
 Hazelia,Female
 Bella,Female
 Bera,Female
 Kimbera,Female
 Brianna,Female
 Brinna,Female
 Brocalina,Female
 Brokalina,Female
 Calia,Female
 Caliana,Female
 Calla,Female
 Camilia,Female
 Carlotta,Female
 Catrina,Female
 Catherina,Female
 Clara,Female
 Claira,Female
 Cloia,Female
 Delia,Female
 Delila,Female
 Delyla,Female
 Elia,Female
 Ellya,Female
 Eliana,Female
 Ema,Female
 Estella,Female
 Estelia,Female
 Eva,Female
 Falinia,Female
 Gianesia,Female
 Genesia,Female
 Gianna,Female
 Gianna,Female
 Grassia,Female
 Grazia,Female
 Halia,Female
 Hanna,Female
 Iasmina,Female
 Jazmina,Female
 Illa,Female
 Ella,Female
 Imina,Female
 Isabella,Female
 Laila,Female
 Lailana,Female
 Leia,Female
 Lilia,Female
 Lisabeta,Female
 Betta,Female
 Luna,Female
 Madisinia,Female
 Madizinia,Female
 Maia,Female
 Maya,Female
 Melania,Female
 Milannia,Female
 Mia,Female
 Mila,Female
 Milia,Female
 Natalia,Female
 Natalya,Female
 Nicola,Female
 Nikola,Female
 Nomi,Female
 Nomia,Female
 Oiara,Female
 Oyara,Female
 Pera,Female
 Pinna,Female
 Pia,Female
 Pinelopi,Female
 Riana,Female
 Rilia,Female
 Rubia,Female
 Samena,Female
 Samitia,Female
 Sara,Female
 Sarra,Female
 Scarlotta,Female
 Selina,Female
 Jocelina,Female
 Sofia,Female
 Zofia,Female
 Talia,Female
 Talea,Female
 Talya,Female
 Valentina,Female
 Fantina,Female
 Valeria,Female
 Feria,Female
 Valia,Female
 Vanna,Female
 Fanna,Female
 Viola,Female
 Violetta,Female
 Vittoria,Female
 Vittora,Female
 Zoia,Female
 Uzoia,Female
 Zosia,Female
 Zusia,Female
 Abelan,Male
 Abbos,Male
 Abramo,Male
 Brammos,Male
 Adamo,Male
 Adamos,Male
 Adrio,Male
 Adrios,Male
 Adros,Male
 Aido,Male
 Aidos,Male
 Aleno,Male
 Alennos,Male
 Alessandro,Male
 Alesso,Male
 Alonso,Male
 Alonnos,Male
 Alvero,Male
 Alvan,Male
 Andoran,Male
 Handros,Male
 Andrean,Male
 Andrenas,Male
 Andro,Male
 Andros,Male
 Angelo,Male
 Anglos,Male
 Antonio,Male
 Antono,Male
 Aro,Male
 Aros,Male
 Astono,Male
 Stonnos,Male
 Benemo,Male
 Benemos,Male
 Brado,Male
 Bridos,Male
 Brando,Male
 Brannos,Male
 Bruno,Male
 Bronnos,Male
 Caliban,Male
 Callos,Male
 Camero,Male
 Kamros,Male
 Carlos,Male
 Karlos,Male
 Carolan,Male
 Karolos,Male
 Cartero,Male
 Karros,Male
 Cavo,Male
 Cavos,Male
 Conoro,Male
 Konoros,Male
 Cristeno,Male
 Cristenos,Male
 Cristofo,Male
 Cristos,Male
 Dalio,Male
 Dalian,Male
 Damino,Male
 Dammos,Male
 Danello,Male
 Danellos,Male
 Dano,Male
 Dannos,Male
 Davo,Male
 Davios,Male
 Domino,Male
 Domnos,Male
 Elian,Male
 Helian,Male
 Eligio,Male
 Elihios,Male
 Elio,Male
 Ellios,Male
 Emanolo,Male
 Emannos,Male
 Enrico,Male
 Enrikos,Male
 Esekio,Male
 Esekios,Male
 Esro,Male
 Ezro,Male
 Ezros,Male
 Etan,Male
 Evanio,Male
 Ephanos,Male
 Gabrilo,Male
 Gabrios,Male
 Galan,Male
 Gallos,Male
 Gavano,Male
 Gavannos,Male
 Giaco,Male
 Jakos,Male
 Giacomo,Male
 Jacomo,Male
 Jakomos,Male
 Giadeo,Male
 Hadeos,Male
 Giasson,Male
 Giassonos,Male
 Gionato,Male
 Gionatos,Male
 Giorran,Male
 Jorros,Male
 Gioseno,Male
 Giosenos,Male
 Gioseppi,Male
 Gioseppos,Male
 Giosso,Male
 Hossos,Male
 Giovan,Male
 Jovos,Male
 Giulio,Male
 Hulios,Male
 Grassio,Male
 Grassos,Male
 Guan,Male
 Jannos,Male
 Guliemo,Male
 Guliemos,Male
 Haddeo,Male
 Haddeos,Male
 Hano,Male
 Hanos,Male
 Hanro,Male
 Hanros,Male
 Hanto,Male
 Hantos,Male
 Hasselo,Male
 Axlos,Male
 Havio,Male
 Xavios,Male
 Horacio,Male
 Horace,Male
 Hosso,Male
 Hossos,Male
 Iacono,Male
 Jakonos,Male
 Iago,Male
 Tiago,Male
 Iamos,Male
 Ianio,Male
 Jannos,Male
 Iasono,Male
 Jasonos,Male
 Iesso,Male
 Hessos,Male
 Iono,Male
 Yonnos,Male
 Isamo,Male
 Isamos,Male
 Isimo,Male
 Isimos,Male
 Ivano,Male
 Ibannos,Male
 Jeraldo,Male
 Graddos,Male
 Lando,Male
 Landos,Male
 Leo,Male
 Leon,Male
 Leon,Male
 Leonnos,Male
 Levio,Male
 Lebbios,Male
 Liamo,Male
 Liamos,Male
 Lincono,Male
 Linconos,Male
 Lucios,Male
 Lukios,Male
 Luco,Male
 Lucos,Male
 Lugo,Male
 Lucan,Male
 Luho,Male
 Luhos,Male
 Masono,Male
 Masnos,Male
 Massimo,Male
 Maksimos,Male
 Mateo,Male
 Mateos,Male
 Matos,Male
 Matto,Male
 Mattos,Male
 Miglan,Male
 Miglos,Male
 Miguel,Male
 Miguelos,Male
 Milio,Male
 Miliano,Male
 Milyannos,Male
 Mitro,Male
 Mitros,Male
 Natan,Male
 Natannos,Male
 Nateo,Male
 Natos,Male
 Nicolo,Male
 Nicos,Male
 Nolano,Male
 Nolannos,Male
 Oscaro,Male
 Oskos,Male
 Otio,Male
 Ottios,Male
 Remo,Male
 Remmos,Male
 Riano,Male
 Rianos,Male
 Ridero,Male
 Riddros,Male
 Robero,Male
 Robbos,Male
 Roman,Male
 Romannos,Male
 Saccoro,Male
 Saccaros,Male
 Samual,Male
 Samos,Male
 Santo,Male
 Santos,Male
 Sebastio,Male
 Sebastos,Male
 Bastio,Male
 Teodoro,Male
 Theodorus,Male
 Tiago,Male
 Iago,Male
 Iagos,Male
 Tagos,Male
 Tilo,Male
 Tiloros,Male
 Tomo,Male
 Tommos,Male
 Uenio,Male
 Unnos,Male
 Victoran,Male
 Tornos,Male
 Vincenso,Male
 Vincenzo,Male
 Vinnos,Male
